addr,word_hex,sample_I,sample_Q
0,0xFFA90057,-87,87
1,0xFFA00048,-96,72
2,0xFF980016,-104,22
3,0xFF98FFDC,-104,-36
4,0xFFA9FFA9,-87,-87
5,0xFFCEFF8A,-50,-118
6,0x0000FF84,0,-124
7,0x0032FF8E,50,-114
8,0x0057FFA9,87,-87
9,0x0068FFD2,104,-46
10,0x00660002,102,2
11,0x005C0032,92,50
12,0x00570057,87,87
13,0x005C0068,92,104
14,0x00660068,102,104
15,0x00680060,104,96
16,0x00570057,87,87
17,0x00320052,50,82
18,0x00000052,0,82
19,0xFFCE0052,-50,82
20,0xFFA90057,-87,87
21,0xFF980060,-104,96
22,0xFF980068,-104,104
23,0xFFA00068,-96,104
24,0xFFA90057,-87,87
25,0xFFAE0032,-82,50
26,0xFFAC0002,-84,2
27,0xFFAAFFD2,-86,-46
28,0xFFA9FFA9,-87,-87
29,0xFFAAFF8E,-86,-114
30,0xFFACFF84,-84,-124
31,0xFFAEFF8A,-82,-118
32,0xFFA9FFA9,-87,-87
33,0xFFA0FFDC,-96,-36
34,0xFF960014,-106,20
35,0xFF940044,-108,68
36,0xFFA90057,-87,87
37,0xFFD80044,-40,68
38,0x00120012,18,18
39,0x0044FFD8,68,-40
40,0x0057FFA9,87,-87
41,0x0044FF94,68,-108
42,0x0012FF96,18,-106
43,0xFFD8FFA0,-40,-96
44,0xFFA9FFA9,-87,-87
45,0xFF94FFAE,-108,-82
46,0xFF98FFAE,-104,-82
47,0xFFA4FFAE,-92,-82
48,0xFFA9FFA9,-87,-87
49,0xFFA4FFA0,-92,-96
50,0xFF98FF96,-104,-106
51,0xFF94FF94,-108,-108
52,0xFFA9FFA9,-87,-87
53,0xFFD8FFD8,-40,-40
54,0x00140014,20,20
55,0x00480048,72,72
56,0x00570057,87,87
57,0x003A003A,58,58
58,0x00000000,0,0
59,0xFFC6FFC6,-58,-58
60,0xFFA9FFA9,-87,-87
61,0xFFB8FFB8,-72,-72
62,0xFFECFFEA,-20,-22
63,0x00280024,40,36
64,0x00570057,87,87
65,0x006C0076,108,118
66,0x006A007C,106,124
67,0x00600072,96,114
68,0x00570057,87,87
69,0x0052002E,82,46
70,0x00540000,84,0
71,0x0056FFD2,86,-46
72,0x0057FFA9,87,-87
73,0x0056FF8E,86,-114
74,0x0054FF84,84,-124
75,0x0052FF8A,82,-118
76,0x0057FFA9,87,-87
77,0x0060FFDC,96,-36
78,0x00680014,104,20
79,0x00680044,104,68
80,0x00570057,87,87
81,0x00320044,50,68
82,0x00020012,2,18
83,0xFFD2FFD8,-46,-40
84,0xFFA9FFA9,-87,-87
85,0xFF8EFF94,-114,-108
86,0xFF84FF98,-124,-104
87,0xFF8AFFA4,-118,-92
88,0xFFA9FFA9,-87,-87
89,0xFFDCFFA4,-36,-92
90,0x0016FF9A,22,-102
91,0x0048FF98,72,-104
92,0x0057FFA9,87,-87
93,0x003AFFCE,58,-50
94,0xFFFEFFFE,-2,-2
95,0xFFC2002E,-62,46
96,0xFFA90057,-87,87
97,0xFFC20072,-62,114
98,0xFFFE007C,-2,124
99,0x003A0076,58,118
100,0x00570057,87,87
101,0x00480024,72,36
102,0x0016FFEC,22,-20
103,0xFFDCFFBC,-36,-68
104,0xFFA9FFA9,-87,-87
105,0xFF8AFFBC,-118,-68
106,0xFF82FFEE,-126,-18
107,0xFF8A0028,-118,40
108,0xFFA90057,-87,87
109,0xFFDC006C,-36,108
110,0x00140068,20,104
111,0x0044005C,68,92
112,0x00570057,87,87
113,0x0044005C,68,92
114,0x00140068,20,104
115,0xFFDC006C,-36,108
116,0xFFA90057,-87,87
117,0xFF8A0028,-118,40
118,0xFF82FFEC,-126,-20
119,0xFF8AFFB8,-118,-72
120,0xFFA9FFA9,-87,-87
121,0xFFDCFFC6,-36,-58
122,0x00140002,20,2
123,0x0044003E,68,62
124,0x00570057,87,87
125,0x0044003E,68,62
126,0x00120002,18,2
127,0xFFD8FFC6,-40,-58
128,0xFFA9FFA9,-87,-87
129,0xFF94FFB8,-108,-72
130,0xFF98FFEC,-104,-20
131,0xFFA40028,-92,40
132,0xFFA90057,-87,87
133,0xFFA4006C,-92,108
134,0xFF98006A,-104,106
135,0xFF940060,-108,96
136,0xFFA90057,-87,87
137,0xFFD80052,-40,82
138,0x00120052,18,82
139,0x00440052,68,82
140,0x00570057,87,87
141,0x00440060,68,96
142,0x0014006A,20,106
143,0xFFDC006C,-36,108
144,0xFFA90057,-87,87
145,0xFF8A0028,-118,40
146,0xFF84FFEC,-124,-20
147,0xFF8EFFB8,-114,-72
148,0xFFA9FFA9,-87,-87
149,0xFFD2FFC6,-46,-58
150,0x00020002,2,2
151,0x0032003E,50,62
152,0x00570057,87,87
153,0x0068003E,104,62
154,0x00680000,104,0
155,0x0060FFC2,96,-62
156,0x0057FFA9,87,-87
157,0x0052FFC2,82,-62
158,0x0054FFFE,84,-2
159,0x0056003A,86,58
160,0x00570057,87,87
161,0x00560048,86,72
162,0x00540016,84,22
163,0x0052FFDC,82,-36
164,0x0057FFA9,87,-87
165,0x0060FF8A,96,-118
166,0x006AFF82,106,-126
167,0x006CFF8A,108,-118
168,0x0057FFA9,87,-87
169,0x0028FFDC,40,-36
170,0xFFEC0016,-20,22
171,0xFFB80048,-72,72
172,0xFFA90057,-87,87
173,0xFFC6003A,-58,58
174,0x00000000,0,0
175,0x003AFFC6,58,-58
176,0x0057FFA9,87,-87
177,0x0048FFB8,72,-72
178,0x0016FFEA,22,-22
179,0xFFDC0024,-36,36
180,0xFFA90057,-87,87
181,0xFF8A0076,-118,118
182,0xFF82007C,-126,124
183,0xFF8A0072,-118,114
184,0xFFA90057,-87,87
185,0xFFDC002E,-36,46
186,0x0016FFFE,22,-2
187,0x0048FFCE,72,-50
188,0x0057FFA9,87,-87
189,0x003AFF98,58,-104
190,0xFFFEFF98,-2,-104
191,0xFFC2FFA0,-62,-96
192,0xFFA9FFA9,-87,-87
193,0xFFC2FFAE,-62,-82
194,0xFFFEFFAC,-2,-84
195,0x003AFFAA,58,-86
196,0x0057FFA9,87,-87
197,0x0048FFAA,72,-86
198,0x0014FFAA,20,-86
199,0xFFD8FFAA,-40,-86
200,0xFFA9FFA9,-87,-87
201,0xFF94FFAA,-108,-86
202,0xFF96FFAC,-106,-84
203,0xFFA0FFAE,-96,-82
204,0xFFA9FFA9,-87,-87
205,0xFFAEFFA0,-82,-96
206,0xFFACFF96,-84,-106
207,0xFFAAFF94,-86,-108
208,0xFFA9FFA9,-87,-87
209,0xFFAAFFD8,-86,-40
210,0xFFAC0012,-84,18
211,0xFFAE0044,-82,68
212,0xFFA90057,-87,87
213,0xFFA00044,-96,68
214,0xFF960014,-106,20
215,0xFF94FFDC,-108,-36
216,0xFFA9FFA9,-87,-87
217,0xFFD8FF8A,-40,-118
218,0x0014FF84,20,-124
219,0x0048FF8E,72,-114
220,0x0057FFA9,87,-87
221,0x003AFFD2,58,-46
222,0xFFFE0000,-2,0
223,0xFFC2002E,-62,46
224,0xFFA90057,-87,87
225,0xFFC20072,-62,114
226,0x0000007C,0,124
227,0x003E0076,62,118
228,0x00570057,87,87
229,0x003E0024,62,36
230,0x0000FFEC,0,-20
231,0xFFC2FFBC,-62,-68
232,0xFFA9FFA9,-87,-87
233,0xFFC2FFBC,-62,-68
234,0x0000FFEC,0,-20
235,0x003E0024,62,36
236,0x00570057,87,87
237,0x003E0076,62,118
238,0x0000007E,0,126
239,0xFFC20076,-62,118
240,0xFFA90057,-87,87
241,0xFFC20024,-62,36
242,0x0000FFEC,0,-20
243,0x003EFFBC,62,-68
244,0x0057FFA9,87,-87
245,0x003EFFBC,62,-68
246,0x0002FFEC,2,-20
247,0xFFC60024,-58,36
248,0xFFA90057,-87,87
249,0xFFB80076,-72,118
250,0xFFEC007E,-20,126
251,0x00280076,40,118
252,0x00570057,87,87
253,0x006C0024,108,36
254,0x006AFFEA,106,-22
255,0x0060FFB8,96,-72
256,0x0057FFA9,87,-87
257,0x0052FFC6,82,-58
258,0x00540000,84,0
259,0x0056003A,86,58
260,0x00570057,87,87
261,0x00560048,86,72
262,0x00560016,86,22
263,0x0056FFDC,86,-36
264,0x0057FFA9,87,-87
265,0x0056FF8A,86,-118
266,0x0054FF82,84,-126
267,0x0052FF8A,82,-118
268,0x0057FFA9,87,-87
269,0x0060FFDC,96,-36
270,0x006A0014,106,20
271,0x006C0044,108,68
272,0x00570057,87,87
273,0x00280044,40,68
274,0xFFEC0012,-20,18
275,0xFFB8FFD8,-72,-40
276,0xFFA9FFA9,-87,-87
277,0xFFC6FF94,-58,-108
278,0x0002FF96,2,-106
279,0x003EFFA0,62,-96
280,0x0057FFA9,87,-87
281,0x003EFFAE,62,-82
282,0x0002FFAC,2,-84
283,0xFFC6FFAA,-58,-86
284,0xFFA9FFA9,-87,-87
285,0xFFB8FFAA,-72,-86
286,0xFFEAFFAA,-22,-86
287,0x0024FFAA,36,-86
288,0x0057FFA9,87,-87
289,0x0076FFAA,118,-86
290,0x007EFFAC,126,-84
291,0x0076FFAE,118,-82
292,0x0057FFA9,87,-87
293,0x0024FFA0,36,-96
294,0xFFEAFF98,-22,-104
295,0xFFB8FF98,-72,-104
296,0xFFA9FFA9,-87,-87
297,0xFFC6FFCE,-58,-50
298,0x0002FFFE,2,-2
299,0x003E002E,62,46
300,0x00570057,87,87
301,0x003E0072,62,114
302,0x0000007C,0,124
303,0xFFC20076,-62,118
304,0xFFA90057,-87,87
305,0xFFC20024,-62,36
306,0xFFFEFFEC,-2,-20
307,0x003AFFBC,58,-68
308,0x0057FFA9,87,-87
309,0x0048FFBC,72,-68
310,0x0014FFEC,20,-20
311,0xFFD80024,-40,36
312,0xFFA90057,-87,87
313,0xFF940076,-108,118
314,0xFF96007C,-106,124
315,0xFFA00072,-96,114
316,0xFFA90057,-87,87
317,0xFFAE002E,-82,46
318,0xFFAE0000,-82,0
319,0xFFAEFFD2,-82,-46
320,0xFFA9FFA9,-87,-87
321,0xFFA0FF8E,-96,-114
322,0xFF98FF84,-104,-124
323,0xFF98FF8A,-104,-118
324,0xFFA9FFA9,-87,-87
325,0xFFCEFFDC,-50,-36
326,0xFFFE0016,-2,22
327,0x002E0048,46,72
328,0x00570057,87,87
329,0x0072003A,114,58
330,0x007CFFFE,124,-2
331,0x0076FFC2,118,-62
332,0x0057FFA9,87,-87
333,0x0024FFC2,36,-62
334,0xFFEA0000,-22,0
335,0xFFB8003E,-72,62
336,0xFFA90057,-87,87
337,0xFFC6003E,-58,62
338,0x00000002,0,2
339,0x003AFFC6,58,-58
340,0x0057FFA9,87,-87
341,0x0048FFB8,72,-72
342,0x0014FFEA,20,-22
343,0xFFD80024,-40,36
344,0xFFA90057,-87,87
345,0xFF940076,-108,118
346,0xFF98007C,-104,124
347,0xFFA40072,-92,114
348,0xFFA90057,-87,87
349,0xFFA4002E,-92,46
350,0xFF980000,-104,0
351,0xFF94FFD2,-108,-46
352,0xFFA9FFA9,-87,-87
353,0xFFD8FF8E,-40,-114
354,0x0012FF86,18,-122
355,0x0044FF8E,68,-114
356,0x0057FFA9,87,-87
357,0x0044FFD2,68,-46
358,0x00120000,18,0
359,0xFFD8002E,-40,46
360,0xFFA90057,-87,87
361,0xFF940072,-108,114
362,0xFF98007A,-104,122
363,0xFFA40072,-92,114
364,0xFFA90057,-87,87
365,0xFFA4002E,-92,46
366,0xFF9A0000,-102,0
367,0xFF98FFD2,-104,-46
368,0xFFA9FFA9,-87,-87
369,0xFFCEFF8E,-50,-114
370,0x0000FF86,0,-122
371,0x0032FF8E,50,-114
372,0x0057FFA9,87,-87
373,0x0068FFD2,104,-46
374,0x00680002,104,2
375,0x00600032,96,50
376,0x00570057,87,87
377,0x00520068,82,104
378,0x00540068,84,104
379,0x00560060,86,96
380,0x00570057,87,87
381,0x00560052,86,82
382,0x00560054,86,84
383,0x00560056,86,86
384,0x00570057,87,87
385,0x00560056,86,86
386,0x00540056,84,86
387,0x00520056,82,86
388,0x00570057,87,87
389,0x00600056,96,86
390,0x00680056,104,86
391,0x00680056,104,86
392,0x00570057,87,87
393,0x00320056,50,86
394,0x00000054,0,84
395,0xFFCE0052,-50,82
396,0xFFA90057,-87,87
397,0xFF980060,-104,96
398,0xFF9A0068,-102,104
399,0xFFA40068,-92,104
400,0xFFA90057,-87,87
401,0xFFA40032,-92,50
402,0xFF9A0002,-102,2
403,0xFF98FFD2,-104,-46
404,0xFFA9FFA9,-87,-87
405,0xFFCEFF8E,-50,-114
406,0xFFFEFF86,-2,-122
407,0x002EFF8E,46,-114
408,0x0057FFA9,87,-87
409,0x0072FFD2,114,-46
410,0x007A0002,122,2
411,0x00720032,114,50
412,0x00570057,87,87
413,0x002E0068,46,104
414,0xFFFE0066,-2,102
415,0xFFCE005C,-50,92
416,0xFFA90057,-87,87
417,0xFF98005C,-104,92
418,0xFF9A0066,-102,102
419,0xFFA40068,-92,104
420,0xFFA90057,-87,87
421,0xFFA40032,-92,50
422,0xFF980002,-104,2
423,0xFF94FFD2,-108,-46
424,0xFFA9FFA9,-87,-87
425,0xFFD8FF8E,-40,-114
426,0x0014FF86,20,-122
427,0x0048FF8E,72,-114
428,0x0057FFA9,87,-87
429,0x003AFFD2,58,-46
430,0x00000000,0,0
431,0xFFC6002E,-58,46
432,0xFFA90057,-87,87
433,0xFFB80072,-72,114
434,0xFFEA007C,-22,124
435,0x00240076,36,118
436,0x00570057,87,87
437,0x00760024,118,36
438,0x007EFFEA,126,-22
439,0x0076FFB8,118,-72
440,0x0057FFA9,87,-87
441,0x0024FFC6,36,-58
442,0xFFEC0002,-20,2
443,0xFFBC003E,-68,62
444,0xFFA90057,-87,87
445,0xFFBC003E,-68,62
446,0xFFEC0002,-20,2
447,0x0024FFC6,36,-58
448,0x0057FFA9,87,-87
449,0x0076FFB8,118,-72
450,0x007CFFEC,124,-20
451,0x00720028,114,40
452,0x00570057,87,87
453,0x002E006C,46,108
454,0xFFFE0068,-2,104
455,0xFFCE005C,-50,92
456,0xFFA90057,-87,87
457,0xFF98005C,-104,92
458,0xFF980066,-104,102
459,0xFFA00068,-96,104
460,0xFFA90057,-87,87
461,0xFFAE0032,-82,50
462,0xFFAE0002,-82,2
463,0xFFAEFFD2,-82,-46
464,0xFFA9FFA9,-87,-87
465,0xFFA0FF8E,-96,-114
466,0xFF96FF84,-106,-124
467,0xFF94FF8A,-108,-118
468,0xFFA9FFA9,-87,-87
469,0xFFD8FFDC,-40,-36
470,0x00140016,20,22
471,0x00480048,72,72
472,0x00570057,87,87
473,0x003A003A,58,58
474,0xFFFE0000,-2,0
475,0xFFC2FFC6,-62,-58
476,0xFFA9FFA9,-87,-87
477,0xFFC2FFB8,-62,-72
478,0xFFFEFFEA,-2,-22
479,0x003A0024,58,36
480,0x00570057,87,87
481,0x00480076,72,118
482,0x0014007E,20,126
483,0xFFD80076,-40,118
484,0xFFA90057,-87,87
485,0xFF940024,-108,36
486,0xFF98FFEA,-104,-22
487,0xFFA4FFB8,-92,-72
488,0xFFA9FFA9,-87,-87
489,0xFFA4FFC6,-92,-58
490,0xFF980000,-104,0
491,0xFF94003A,-108,58
492,0xFFA90057,-87,87
493,0xFFD80048,-40,72
494,0x00140014,20,20
495,0x0048FFD8,72,-40
496,0x0057FFA9,87,-87
497,0x003AFF94,58,-108
498,0xFFFEFF96,-2,-106
499,0xFFC2FFA0,-62,-96
500,0xFFA9FFA9,-87,-87
501,0xFFC2FFAE,-62,-82
502,0x0000FFAC,0,-84
503,0x003EFFAA,62,-86
504,0x0057FFA9,87,-87
505,0x003EFFAA,62,-86
506,0x0002FFAA,2,-86
507,0xFFC6FFAA,-58,-86
508,0xFFA9FFA9,-87,-87
509,0xFFB8FFAA,-72,-86
510,0xFFECFFAA,-20,-86
511,0x0028FFAA,40,-86
512,0x0057FFA9,87,-87
513,0x006CFFAA,108,-86
514,0x0068FFAC,104,-84
515,0x005CFFAE,92,-82
516,0x0057FFA9,87,-87
517,0x005CFFA0,92,-96
518,0x0068FF96,104,-106
519,0x006CFF94,108,-108
520,0x0057FFA9,87,-87
521,0x0028FFD8,40,-40
522,0xFFEE0014,-18,20
523,0xFFBC0048,-68,72
524,0xFFA90057,-87,87
525,0xFFBC003A,-68,58
526,0xFFEC0000,-20,0
527,0x0024FFC6,36,-58
528,0x0057FFA9,87,-87
529,0x0076FFB8,118,-72
530,0x007EFFEC,126,-20
531,0x00760028,118,40
532,0x00570057,87,87
533,0x0024006C,36,108
534,0xFFEC0068,-20,104
535,0xFFBC005C,-68,92
536,0xFFA90057,-87,87
537,0xFFBC005C,-68,92
538,0xFFEE0068,-18,104
539,0x0028006C,40,108
540,0x00570057,87,87
541,0x006C0028,108,40
542,0x006AFFEC,106,-20
543,0x0060FFB8,96,-72
544,0x0057FFA9,87,-87
545,0x0052FFC6,82,-58
546,0x00520000,82,0
547,0x0052003A,82,58
548,0x00570057,87,87
549,0x00600048,96,72
550,0x00680016,104,22
551,0x0068FFDC,104,-36
552,0x0057FFA9,87,-87
553,0x0032FF8A,50,-118
554,0x0002FF84,2,-124
555,0xFFD2FF8E,-46,-114
556,0xFFA9FFA9,-87,-87
557,0xFF8EFFD2,-114,-46
558,0xFF860002,-122,2
559,0xFF8E0032,-114,50
560,0xFFA90057,-87,87
561,0xFFD20068,-46,104
562,0x00000066,0,102
563,0x002E005C,46,92
564,0x00570057,87,87
565,0x0072005C,114,92
566,0x007A0066,122,102
567,0x00720068,114,104
568,0x00570057,87,87
569,0x002E0032,46,50
570,0xFFFE0000,-2,0
571,0xFFCEFFCE,-50,-50
572,0xFFA9FFA9,-87,-87
573,0xFF98FF98,-104,-104
574,0xFF9AFF9A,-102,-102
575,0xFFA4FFA4,-92,-92
576,0xFFA9FFA9,-87,-87
577,0xFFA4FFA4,-92,-92
578,0xFF9AFF98,-102,-104
579,0xFF98FF94,-104,-108
580,0xFFA9FFA9,-87,-87
581,0xFFCEFFD8,-50,-40
582,0x00000014,0,20
583,0x00320048,50,72
584,0x00570057,87,87
585,0x0068003A,104,58
586,0x0068FFFE,104,-2
587,0x0060FFC2,96,-62
588,0x0057FFA9,87,-87
589,0x0052FFC2,82,-62
590,0x0052FFFE,82,-2
591,0x0052003A,82,58
592,0x00570057,87,87
593,0x00600048,96,72
594,0x006A0016,106,22
595,0x006CFFDC,108,-36
596,0x0057FFA9,87,-87
597,0x0028FF8A,40,-118
598,0xFFECFF84,-20,-124
599,0xFFB8FF8E,-72,-114
600,0xFFA9FFA9,-87,-87
601,0xFFC6FFD2,-58,-46
602,0x00000000,0,0
603,0x003A002E,58,46
604,0x00570057,87,87
605,0x00480072,72,114
606,0x0014007C,20,124
607,0xFFD80076,-40,118
608,0xFFA90057,-87,87
609,0xFF940024,-108,36
610,0xFF96FFEA,-106,-22
611,0xFFA0FFB8,-96,-72
612,0xFFA9FFA9,-87,-87
613,0xFFAEFFC6,-82,-58
614,0xFFAE0000,-82,0
615,0xFFAE003A,-82,58
616,0xFFA90057,-87,87
617,0xFFA00048,-96,72
618,0xFF960016,-106,22
619,0xFF94FFDC,-108,-36
620,0xFFA9FFA9,-87,-87
621,0xFFD8FF8A,-40,-118
622,0x0012FF84,18,-124
623,0x0044FF8E,68,-114
624,0x0057FFA9,87,-87
625,0x0044FFD2,68,-46
626,0x00140000,20,0
627,0xFFDC002E,-36,46
628,0xFFA90057,-87,87
629,0xFF8A0072,-118,114
630,0xFF82007A,-126,122
631,0xFF8A0072,-118,114
632,0xFFA90057,-87,87
633,0xFFDC002E,-36,46
634,0x0014FFFE,20,-2
635,0x0044FFCE,68,-50
636,0x0057FFA9,87,-87
637,0x0044FF98,68,-104
638,0x0014FF98,20,-104
639,0xFFDCFFA0,-36,-96
640,0xFFA9FFA9,-87,-87
641,0xFF8AFFAE,-118,-82
642,0xFF84FFAE,-124,-82
643,0xFF8EFFAE,-114,-82
644,0xFFA9FFA9,-87,-87
645,0xFFD2FFA0,-46,-96
646,0x0000FF98,0,-104
647,0x002EFF98,46,-104
648,0x0057FFA9,87,-87
649,0x0072FFCE,114,-50
650,0x007A0000,122,0
651,0x00720032,114,50
652,0x00570057,87,87
653,0x002E0068,46,104
654,0x00000066,0,102
655,0xFFD2005C,-46,92
656,0xFFA90057,-87,87
657,0xFF8E005C,-114,92
658,0xFF840066,-124,102
659,0xFF8A0068,-118,104
660,0xFFA90057,-87,87
661,0xFFDC0032,-36,50
662,0x00160000,22,0
663,0x0048FFCE,72,-50
664,0x0057FFA9,87,-87
665,0x003AFF98,58,-104
666,0x0000FF98,0,-104
667,0xFFC6FFA0,-58,-96
668,0xFFA9FFA9,-87,-87
669,0xFFB8FFAE,-72,-82
670,0xFFECFFAC,-20,-84
671,0x0028FFAA,40,-86
672,0x0057FFA9,87,-87
673,0x006CFFAA,108,-86
674,0x006AFFAC,106,-84
675,0x0060FFAE,96,-82
676,0x0057FFA9,87,-87
677,0x0052FFA0,82,-96
678,0x0052FF96,82,-106
679,0x0052FF94,82,-108
680,0x0057FFA9,87,-87
681,0x0060FFD8,96,-40
682,0x00680012,104,18
683,0x00680044,104,68
684,0x00570057,87,87
685,0x00320044,50,68
686,0x00000012,0,18
687,0xFFCEFFD8,-50,-40
688,0xFFA9FFA9,-87,-87
689,0xFF98FF94,-104,-108
690,0xFF9AFF98,-102,-104
691,0xFFA4FFA4,-92,-92
692,0xFFA9FFA9,-87,-87
693,0xFFA4FFA4,-92,-92
694,0xFF98FF98,-104,-104
695,0xFF94FF94,-108,-108
696,0xFFA9FFA9,-87,-87
697,0xFFD8FFD8,-40,-40
698,0x00120014,18,20
699,0x00440048,68,72
700,0x00570057,87,87
701,0x0044003A,68,58
702,0x00120000,18,0
703,0xFFD8FFC6,-40,-58
704,0xFFA9FFA9,-87,-87
705,0xFF94FFB8,-108,-72
706,0xFF96FFEC,-106,-20
707,0xFFA00028,-96,40
708,0xFFA90057,-87,87
709,0xFFAE006C,-82,108
710,0xFFAE006A,-82,106
711,0xFFAE0060,-82,96
712,0xFFA90057,-87,87
713,0xFFA00052,-96,82
714,0xFF980054,-104,84
715,0xFF980056,-104,86
716,0xFFA90057,-87,87
717,0xFFCE0056,-50,86
718,0x00000054,0,84
719,0x00320052,50,82
720,0x00570057,87,87
721,0x00680060,104,96
722,0x00680068,104,104
723,0x00600068,96,104
724,0x00570057,87,87
725,0x00520032,82,50
726,0x00520002,82,2
727,0x0052FFD2,82,-46
728,0x0057FFA9,87,-87
729,0x0060FF8E,96,-114
730,0x0068FF84,104,-124
731,0x0068FF8A,104,-118
732,0x0057FFA9,87,-87
733,0x0032FFDC,50,-36
734,0x00000016,0,22
735,0xFFCE0048,-50,72
736,0xFFA90057,-87,87
737,0xFF98003A,-104,58
738,0xFF98FFFE,-104,-2
739,0xFFA0FFC2,-96,-62
740,0xFFA9FFA9,-87,-87
741,0xFFAEFFC2,-82,-62
742,0xFFACFFFE,-84,-2
743,0xFFAA003A,-86,58
744,0xFFA90057,-87,87
745,0xFFAA0048,-86,72
746,0xFFAA0016,-86,22
747,0xFFAAFFDC,-86,-36
748,0xFFA9FFA9,-87,-87
749,0xFFAAFF8A,-86,-118
750,0xFFAAFF82,-86,-126
751,0xFFAAFF8A,-86,-118
752,0xFFA9FFA9,-87,-87
753,0xFFAAFFDC,-86,-36
754,0xFFAA0014,-86,20
755,0xFFAA0044,-86,68
756,0xFFA90057,-87,87
757,0xFFAA0044,-86,68
758,0xFFAA0014,-86,20
759,0xFFAAFFDC,-86,-36
760,0xFFA9FFA9,-87,-87
761,0xFFAAFF8A,-86,-118
762,0xFFACFF82,-84,-126
763,0xFFAEFF8A,-82,-118
764,0xFFA9FFA9,-87,-87
765,0xFFA0FFDC,-96,-36
766,0xFF980014,-104,20
767,0xFF980044,-104,68
768,0xFFA90057,-87,87
769,0xFFCE0044,-50,68
770,0x00000012,0,18
771,0x0032FFD8,50,-40
772,0x0057FFA9,87,-87
773,0x0068FF94,104,-108
774,0x0068FF98,104,-104
775,0x0060FFA4,96,-92
776,0x0057FFA9,87,-87
777,0x0052FFA4,82,-92
778,0x0054FF98,84,-104
779,0x0056FF94,86,-108
780,0x0057FFA9,87,-87
781,0x0056FFD8,86,-40
782,0x00540012,84,18
783,0x00520044,82,68
784,0x00570057,87,87
785,0x00600044,96,68
786,0x00680014,104,20
787,0x0068FFDC,104,-36
788,0x0057FFA9,87,-87
789,0x0032FF8A,50,-118
790,0x0000FF84,0,-124
791,0xFFCEFF8E,-50,-114
792,0xFFA9FFA9,-87,-87
793,0xFF98FFD2,-104,-46
794,0xFF980002,-104,2
795,0xFFA00032,-96,50
796,0xFFA90057,-87,87
797,0xFFAE0068,-82,104
798,0xFFAE0068,-82,104
799,0xFFAE0060,-82,96
800,0xFFA90057,-87,87
801,0xFFA00052,-96,82
802,0xFF960054,-106,84
803,0xFF940056,-108,86
804,0xFFA90057,-87,87
805,0xFFD80056,-40,86
806,0x00120054,18,84
807,0x00440052,68,82
808,0x00570057,87,87
809,0x00440060,68,96
810,0x0012006A,18,106
811,0xFFD8006C,-40,108
812,0xFFA90057,-87,87
813,0xFF940028,-108,40
814,0xFF96FFEC,-106,-20
815,0xFFA0FFB8,-96,-72
816,0xFFA9FFA9,-87,-87
817,0xFFAEFFC6,-82,-58
818,0xFFAC0000,-84,0
819,0xFFAA003A,-86,58
820,0xFFA90057,-87,87
821,0xFFAA0048,-86,72
822,0xFFAC0016,-84,22
823,0xFFAEFFDC,-82,-36
824,0xFFA9FFA9,-87,-87
825,0xFFA0FF8A,-96,-118
826,0xFF98FF82,-104,-126
827,0xFF98FF8A,-104,-118
828,0xFFA9FFA9,-87,-87
829,0xFFCEFFDC,-50,-36
830,0x00000016,0,22
831,0x00320048,50,72
832,0x00570057,87,87
833,0x0068003A,104,58
834,0x0066FFFE,102,-2
835,0x005CFFC2,92,-62
836,0x0057FFA9,87,-87
837,0x005CFFC2,92,-62
838,0x0068FFFE,104,-2
839,0x006C003A,108,58
840,0x00570057,87,87
841,0x00280048,40,72
842,0xFFEC0014,-20,20
843,0xFFB8FFD8,-72,-40
844,0xFFA9FFA9,-87,-87
845,0xFFC6FF94,-58,-108
846,0x0000FF96,0,-106
847,0x003AFFA0,58,-96
848,0x0057FFA9,87,-87
849,0x0048FFAE,72,-82
850,0x0014FFAC,20,-84
851,0xFFD8FFAA,-40,-86
852,0xFFA9FFA9,-87,-87
853,0xFF94FFAA,-108,-86
854,0xFF98FFAC,-104,-84
855,0xFFA4FFAE,-92,-82
856,0xFFA9FFA9,-87,-87
857,0xFFA4FFA0,-92,-96
858,0xFF9AFF96,-102,-106
859,0xFF98FF94,-104,-108
860,0xFFA9FFA9,-87,-87
861,0xFFCEFFD8,-50,-40
862,0xFFFE0014,-2,20
863,0x002E0048,46,72
864,0x00570057,87,87
865,0x0072003A,114,58
866,0x007AFFFE,122,-2
867,0x0072FFC2,114,-62
868,0x0057FFA9,87,-87
869,0x002EFFC2,46,-62
870,0x00000000,0,0
871,0xFFD2003E,-46,62
872,0xFFA90057,-87,87
873,0xFF8E003E,-114,62
874,0xFF860000,-122,0
875,0xFF8EFFC2,-114,-62
876,0xFFA9FFA9,-87,-87
877,0xFFD2FFC2,-46,-62
878,0x00000000,0,0
879,0x002E003E,46,62
880,0x00570057,87,87
881,0x0072003E,114,62
882,0x007C0000,124,0
883,0x0076FFC2,118,-62
884,0x0057FFA9,87,-87
885,0x0024FFC2,36,-62
886,0xFFEC0000,-20,0
887,0xFFBC003E,-68,62
888,0xFFA90057,-87,87
889,0xFFBC003E,-68,62
890,0xFFEE0002,-18,2
891,0x0028FFC6,40,-58
892,0x0057FFA9,87,-87
893,0x006CFFB8,108,-72
894,0x006AFFEC,106,-20
895,0x00600028,96,40
896,0x00570057,87,87
897,0x0052006C,82,108
898,0x0054006A,84,106
899,0x00560060,86,96
900,0x00570057,87,87
901,0x00560052,86,82
902,0x00540054,84,84
903,0x00520056,82,86
904,0x00570057,87,87
905,0x00600056,96,86
906,0x006A0056,106,86
907,0x006C0056,108,86
908,0x00570057,87,87
909,0x00280056,40,86
910,0xFFEE0054,-18,84
911,0xFFBC0052,-68,82
912,0xFFA90057,-87,87
913,0xFFBC0060,-68,96
914,0xFFEC006A,-20,106
915,0x0024006C,36,108
916,0x00570057,87,87
917,0x00760028,118,40
918,0x007EFFEC,126,-20
919,0x0076FFB8,118,-72
920,0x0057FFA9,87,-87
921,0x0024FFC6,36,-58
922,0xFFEA0002,-22,2
923,0xFFB8003E,-72,62
924,0xFFA90057,-87,87
925,0xFFC6003E,-58,62
926,0x00020002,2,2
927,0x003EFFC6,62,-58
928,0x0057FFA9,87,-87
929,0x003EFFB8,62,-72
930,0x0002FFEA,2,-22
931,0xFFC60024,-58,36
932,0xFFA90057,-87,87
933,0xFFB80076,-72,118
934,0xFFEA007E,-22,126
935,0x00240076,36,118
936,0x00570057,87,87
937,0x00760024,118,36
938,0x007CFFEA,124,-22
939,0x0072FFB8,114,-72
940,0x0057FFA9,87,-87
941,0x002EFFC6,46,-58
942,0xFFFE0002,-2,2
943,0xFFCE003E,-50,62
944,0xFFA90057,-87,87
945,0xFF98003E,-104,62
946,0xFF9A0000,-102,0
947,0xFFA4FFC2,-92,-62
948,0xFFA9FFA9,-87,-87
949,0xFFA4FFC2,-92,-62
950,0xFF98FFFE,-104,-2
951,0xFF94003A,-108,58
952,0xFFA90057,-87,87
953,0xFFD80048,-40,72
954,0x00120014,18,20
955,0x0044FFD8,68,-40
956,0x0057FFA9,87,-87
957,0x0044FF94,68,-108
958,0x0014FF96,20,-106
959,0xFFDCFFA0,-36,-96
960,0xFFA9FFA9,-87,-87
961,0xFF8AFFAE,-118,-82
962,0xFF82FFAE,-126,-82
963,0xFF8AFFAE,-118,-82
964,0xFFA9FFA9,-87,-87
965,0xFFDCFFA0,-36,-96
966,0x0016FF98,22,-104
967,0x0048FF98,72,-104
968,0x0057FFA9,87,-87
969,0x003AFFCE,58,-50
970,0x0000FFFE,0,-2
971,0xFFC6002E,-58,46
972,0xFFA90057,-87,87
973,0xFFB80072,-72,114
974,0xFFEC007C,-20,124
975,0x00280076,40,118
976,0x00570057,87,87
977,0x006C0024,108,36
978,0x0068FFEA,104,-22
979,0x005CFFB8,92,-72
980,0x0057FFA9,87,-87
981,0x005CFFC6,92,-58
982,0x00660000,102,0
983,0x0068003A,104,58
984,0x00570057,87,87
985,0x00320048,50,72
986,0x00000014,0,20
987,0xFFCEFFD8,-50,-40
988,0xFFA9FFA9,-87,-87
989,0xFF98FF94,-104,-108
990,0xFF98FF98,-104,-104
991,0xFFA0FFA4,-96,-92
992,0xFFA9FFA9,-87,-87
993,0xFFAEFFA4,-82,-92
994,0xFFAEFF98,-82,-104
995,0xFFAEFF94,-82,-108
996,0xFFA9FFA9,-87,-87
997,0xFFA0FFD8,-96,-40
998,0xFF980012,-104,18
999,0xFF980044,-104,68
